INSERT INTO category
VALUES (1, 'Mac', 'mac',
        'https://store.storeimages.cdn-apple.com/8756/as-images.apple.com/is/store-card-13-mac-nav-202310?wid=400&hei=260&fmt=png-alpha&.v=1696964122666',
        NULL),
       (2, 'iPhone', 'iphone',
        'https://store.storeimages.cdn-apple.com/8756/as-images.apple.com/is/store-card-13-iphone-nav-202409?wid=400&hei=260&fmt=png-alpha&.v=1723857138230',
        NULL),
       (3, 'iPad', 'ipad',
        'https://store.storeimages.cdn-apple.com/8756/as-images.apple.com/is/store-card-13-ipad-nav-202405?wid=400&hei=260&fmt=png-alpha&.v=1714168620875',
        NULL),
       (4, 'Apple Watch', 'apple-watch',
        'https://store.storeimages.cdn-apple.com/8756/as-images.apple.com/is/store-card-13-watch-nav-202409?wid=400&hei=260&fmt=png-alpha&.v=1724165625838',
        NULL),
       (5, 'AirPods', 'airpods',
        'https://store.storeimages.cdn-apple.com/8756/as-images.apple.com/is/store-card-13-airpods-nav-202409?wid=400&hei=260&fmt=png-alpha&.v=1722974349822',
        NULL),
       (6, 'Phụ Kiện', 'phu-kien',
        'https://store.storeimages.cdn-apple.com/8756/as-images.apple.com/is/store-card-13-accessories-nav-202409?wid=400&hei=260&fmt=png-alpha&.v=1723738892174',
        NULL),
       (7, 'MacBook Air', 'macbook-air',
        'https://store.storeimages.cdn-apple.com/8756/as-images.apple.com/is/mac-card-40-macbook-air-m2-m3-202402?wid=1400&hei=1000&fmt=p-jpg&qlt=95&.v=1707259317253',
        1),
       (8, 'MacBook Pro', 'macbook-pro',
        'https://store.storeimages.cdn-apple.com/8756/as-images.apple.com/is/mac-card-40-macbookpro-14-16-202310?wid=1200&hei=1000&fmt=p-jpg&qlt=95&.v=1699558878477',
        1),
       (9, 'iMac', 'imac',
        'https://store.storeimages.cdn-apple.com/8756/as-images.apple.com/is/mac-card-40-imac-24-202310?wid=1200&hei=1000&fmt=jpeg&qlt=95&.v=1697229623322',
        1),
       (10, 'Mac mini', 'mac-mini',
        'https://store.storeimages.cdn-apple.com/8756/as-images.apple.com/is/mac-card-40-mac-mini-202301?wid=1200&hei=1000&fmt=p-jpg&qlt=95&.v=1670549737872',
        1),
       (11, 'Studio Display', 'studio-display',
        'https://store.storeimages.cdn-apple.com/8756/as-images.apple.com/is/mac-card-40-studio-display-202203?wid=800&hei=1000&fmt=p-jpg&qlt=95&.v=1645558306366',
        1),
       (12, 'Pro Display XDR', 'pro-display-xdr',
        'https://store.storeimages.cdn-apple.com/8756/as-images.apple.com/is/mac-card-40-mac-pro-display-202108?wid=800&hei=1000&fmt=jpeg&qlt=95&.v=1625864626000',
        1);

INSERT INTO variation
VALUES (1, 7, 'Màu'),
       (2, 7, 'RAM'),
       (3, 7, 'Ổ cứng'),
       (4, 8, 'Màu'),
       (5, 8, 'RAM'),
       (6, 8, 'Ổ cứng'),
       (7, 9, 'Màu'),
       (8, 9, 'RAM'),
       (9, 9, 'Ổ cứng'),
       (15, 10, 'RAM'),
       (16, 10, 'Ổ cứng'),
       (18, 11, 'Màn hình'),
       (19, 11, 'Chân đế'),
       (20, 12, 'Màn hình'),
       (21, 2, 'Màu'),
       (22, 2, 'Dung lượng lưu trữ');

INSERT INTO variation_option
VALUES (1, 1, 'Đêm Xanh Thẳm',
        'https://store.storeimages.cdn-apple.com/8756/as-images.apple.com/is/mba13-midnight-select-202402_SW_COLOR?wid=32&hei=32&fmt=jpeg&qlt=95&.v=1707262707132'),
       (2, 1, 'Ánh Sao',
        'https://store.storeimages.cdn-apple.com/8756/as-images.apple.com/is/mba13-starlight-select-202402_SW_COLOR?wid=32&hei=32&fmt=jpeg&qlt=95&.v=1707262707466'),
       (3, 1, 'Xám Không Gian',
        'https://store.storeimages.cdn-apple.com/8756/as-images.apple.com/is/mba13-spacegray-select-202402_SW_COLOR?wid=32&hei=32&fmt=jpeg&qlt=95&.v=1707262707397'),
       (4, 1, 'Bạc',
        'https://store.storeimages.cdn-apple.com/8756/as-images.apple.com/is/mba13-silver-select-202402_SW_COLOR?wid=32&hei=32&fmt=jpeg&qlt=95&.v=1707262707198'),
       (5, 2, '8GB', NULL),
       (6, 2, '16GB', NULL),
       (7, 3, '256GB', NULL),
       (8, 3, '512GB', NULL),
       (9, 4, 'Đen Không Gian',
        'https://store.storeimages.cdn-apple.com/8756/as-images.apple.com/is/mbp-16-spaceblack-cto-hero-202310_SW_COLOR?wid=32&hei=32&fmt=jpeg&qlt=95&.v=1697913361523'),
       (10, 4, 'Xám Không Gian',
        'https://store.storeimages.cdn-apple.com/8756/as-images.apple.com/is/mba13-spacegray-select-202402_SW_COLOR?wid=32&hei=32&fmt=jpeg&qlt=95&.v=1707262707397'),
       (11, 4, 'Bạc',
        'https://store.storeimages.cdn-apple.com/8756/as-images.apple.com/is/mba13-silver-select-202402_SW_COLOR?wid=32&hei=32&fmt=jpeg&qlt=95&.v=1707262707198'),
       (12, 5, '8GB', NULL),
       (13, 5, '16GB', NULL),
       (14, 5, '18GB', NULL),
       (15, 5, '36GB', NULL),
       (16, 5, '48GB', NULL),
       (17, 6, '512GB', NULL),
       (18, 6, '1TB', NULL),
       (19, 7, 'Xanh Dương',
        'https://store.storeimages.cdn-apple.com/8756/as-images.apple.com/is/imac-24-blue-selection-hero-202310_SW_COLOR?wid=32&hei=32&fmt=jpeg&qlt=95&.v=1697215547726'),
       (20, 7, 'Xanh Lá',
        'https://store.storeimages.cdn-apple.com/8756/as-images.apple.com/is/imac-24-green-selection-hero-202310_SW_COLOR?wid=32&hei=32&fmt=jpeg&qlt=95&.v=1697215547725'),
       (21, 7, 'Hồng',
        'https://store.storeimages.cdn-apple.com/8756/as-images.apple.com/is/imac-24-pink-selection-hero-202310_SW_COLOR?wid=32&hei=32&fmt=jpeg&qlt=95&.v=1697215547726'),
       (22, 7, 'Bạc',
        'https://store.storeimages.cdn-apple.com/8756/as-images.apple.com/is/imac-24-silver-selection-hero-202310_SW_COLOR?wid=32&hei=32&fmt=jpeg&qlt=95&.v=1697215547727'),
       (23, 7, 'Vàng',
        'https://store.storeimages.cdn-apple.com/8756/as-images.apple.com/is/imac-24-yellow-selection-hero-202310_SW_COLOR?wid=32&hei=32&fmt=jpeg&qlt=95&.v=1697215549923'),
       (24, 7, 'Cam',
        'https://store.storeimages.cdn-apple.com/8756/as-images.apple.com/is/imac-24-orange-selection-hero-202310_SW_COLOR?wid=32&hei=32&fmt=jpeg&qlt=95&.v=1697215547728'),
       (25, 7, 'Tím',
        'https://store.storeimages.cdn-apple.com/8756/as-images.apple.com/is/imac-24-purple-selection-hero-202310_SW_COLOR?wid=32&hei=32&fmt=jpeg&qlt=95&.v=1697215547727'),
       (26, 8, '8GB', NULL),
       (27, 9, '256GB', NULL),
       (28, 9, '512GB', NULL),
       (44, 15, '8GB', NULL),
       (45, 15, '16GB', NULL),
       (46, 16, '256GB', NULL),
       (47, 16, '512GB', NULL),
       (50, 18, 'Mặt kính tiêu chuẩn', NULL),
       (51, 18, 'Mặt kính có cấu trúc nano', NULL),
       (52, 19, 'Chân đế có thể điều chỉnh độ nghiêng', NULL),
       (53, 19, 'Chân đế có thể điều chỉnh độ nghiêng và độ cao', NULL),
       (54, 19, 'Ngàm kết nối VESA', NULL),
       (55, 20, 'Mặt kính tiêu chuẩn', NULL),
       (56, 20, 'Mặt kính có cấu trúc nano', NULL);

INSERT INTO product (id, name, category_id, lowest_price, thumbnail_url, slug, description)
VALUES (1, 'MacBook Air 13 inch M2', 7, 24999000,
        'https://store.storeimages.cdn-apple.com/8756/as-images.apple.com/is/mba13-midnight-select-202402?wid=904&hei=840&fmt=jpeg&qlt=95&.v=1708367688034',
        'macbook-air-13-inch-m2',
        'MacBook Air dễ dàng xử lý cả công việc lẫn giải trí và chip M2 mang đến năng lực tuyệt vời cho chiếc máy tính xách tay siêu gọn nhẹ này. Với thời lượng pin lên đến 18 giờ, bạn có thể mang theo chiếc MacBook Air siêu gọn nhẹ này đi bất cứ nơi đâu và nhanh chóng hoàn thành mọi việc bạn muốn.'),
       (2, 'MacBook Air 13 inch M3', 7, 27999000,
        'https://store.storeimages.cdn-apple.com/8756/as-images.apple.com/is/mba13-midnight-select-202402?wid=904&hei=840&fmt=jpeg&qlt=95&.v=1708367688034',
        'macbook-air-13-inch-m3',
        'MacBook Air dễ dàng xử lý cả công việc lẫn giải trí và chip M3 mang đến năng lực tuyệt vời cho chiếc máy tính xách tay siêu gọn nhẹ này. Với thời lượng pin lên đến 18 giờ, bạn có thể mang theo chiếc MacBook Air siêu gọn nhẹ này đi bất cứ nơi đâu và nhanh chóng hoàn thành mọi việc bạn muốn.'),
       (3, 'MacBook Air 15 inch M3', 7, 32999000,
        'https://store.storeimages.cdn-apple.com/8756/as-images.apple.com/is/mba13-midnight-select-202402?wid=904&hei=840&fmt=jpeg&qlt=95&.v=1708367688034',
        'macbook-air-15-inch-m3',
        'MacBook Air dễ dàng xử lý cả công việc lẫn giải trí và chip M3 mang đến năng lực tuyệt vời cho chiếc máy tính xách tay siêu gọn nhẹ này. Với thời lượng pin lên đến 18 giờ, bạn có thể mang theo chiếc MacBook Air siêu gọn nhẹ này đi bất cứ nơi đâu và nhanh chóng hoàn thành mọi việc bạn muốn.'),
       (4, 'MacBook Pro 16 inch M3 Pro', 8, 39999000,
        'https://store.storeimages.cdn-apple.com/8756/as-images.apple.com/is/mbp14-m3-max-pro-spaceblack-select-202310?wid=904&hei=840&fmt=jpeg&qlt=95&.v=1697230830118',
        'macbook-pro-16-inch-m3-pro',
        'MacBook Pro chạy cực nhanh với chip M3, M3 Pro và M3 Max. Được thiết kế trên công nghệ 3 nanômét và sở hữu kiến trúc GPU hoàn toàn mới, đây là dòng chip tiên tiến nhất từng được thiết kế cho máy tính cá nhân. Và mỗi mẫu chip trong đó đều mang đến nhiều tính năng và hiệu năng chuyên nghiệp hơn.'),
       (5, 'MacBook Pro 14 inch M3 Pro', 8, 49999000,
        'https://store.storeimages.cdn-apple.com/8756/as-images.apple.com/is/mbp14-m3-max-pro-spaceblack-select-202310?wid=904&hei=840&fmt=jpeg&qlt=95&.v=1697230830118',
        'macbook-pro-14-inch-m3-pro',
        'MacBook Pro chạy cực nhanh với chip M3, M3 Pro và M3 Max. Được thiết kế trên công nghệ 3 nanômét và sở hữu kiến trúc GPU hoàn toàn mới, đây là dòng chip tiên tiến nhất từng được thiết kế cho máy tính cá nhân. Và mỗi mẫu chip trong đó đều mang đến nhiều tính năng và hiệu năng chuyên nghiệp hơn.'),
       (6, 'MacBook Pro 16 inch M3 Pro', 8, 79999000,
        'https://store.storeimages.cdn-apple.com/8756/as-images.apple.com/is/mbp14-m3-max-pro-spaceblack-select-202310?wid=904&hei=840&fmt=jpeg&qlt=95&.v=1697230830118',
        'macbook-pro-16-inch-m3-pro',
        'MacBook Pro chạy cực nhanh với chip M3, M3 Pro và M3 Max. Được thiết kế trên công nghệ 3 nanômét và sở hữu kiến trúc GPU hoàn toàn mới, đây là dòng chip tiên tiến nhất từng được thiết kế cho máy tính cá nhân. Và mỗi mẫu chip trong đó đều mang đến nhiều tính năng và hiệu năng chuyên nghiệp hơn.'),
       (7, 'MacBook Pro 16 inch M3 Pro', 8, 64999000,
        'https://store.storeimages.cdn-apple.com/8756/as-images.apple.com/is/mbp14-m3-max-pro-spaceblack-select-202310?wid=904&hei=840&fmt=jpeg&qlt=95&.v=1697230830118',
        'macbook-pro-16-inch-m3-pro',
        'MacBook Pro chạy cực nhanh với chip M3, M3 Pro và M3 Max. Được thiết kế trên công nghệ 3 nanômét và sở hữu kiến trúc GPU hoàn toàn mới, đây là dòng chip tiên tiến nhất từng được thiết kế cho máy tính cá nhân. Và mỗi mẫu chip trong đó đều mang đến nhiều tính năng và hiệu năng chuyên nghiệp hơn.'),
       (8, 'MacBook Pro 14 inch M3', 8, 39999000,
        'https://store.storeimages.cdn-apple.com/8756/as-images.apple.com/is/mbp14-spacegray-select-202310?wid=904&hei=840&fmt=jpeg&qlt=95&.v=1697230830200',
        'macbook-pro-14-inch-m3',
        'MacBook Pro chạy cực nhanh với chip M3, M3 Pro và M3 Max. Được thiết kế trên công nghệ 3 nanômét và sở hữu kiến trúc GPU hoàn toàn mới, đây là dòng chip tiên tiến nhất từng được thiết kế cho máy tính cá nhân. Và mỗi mẫu chip trong đó đều mang đến nhiều tính năng và hiệu năng chuyên nghiệp hơn.');

INSERT INTO product_image
(id, product_id, url)
VALUES (1, 1,
        'https://store.storeimages.cdn-apple.com/8756/as-images.apple.com/is/mba13-midnight-select-202402?wid=904&hei=840&fmt=jpeg&qlt=95&.v=1708367688034'),
       (2, 1,
        'https://store.storeimages.cdn-apple.com/8756/as-images.apple.com/is/mba13-m2-digitalmat-gallery-2-202402?wid=728&hei=666&fmt=png-alpha&.v=1708032703636'),
       (3, 1,
        'https://store.storeimages.cdn-apple.com/8756/as-images.apple.com/is/mba13-m2-digitalmat-gallery-3-202402?wid=728&hei=666&fmt=png-alpha&.v=1707263976370'),
       (4, 1,
        'https://store.storeimages.cdn-apple.com/8756/as-images.apple.com/is/mba13-m2-digitalmat-gallery-4-202402_GEO_VN?wid=728&hei=666&fmt=png-alpha&.v=1707779153329'),
       (5, 1,
        'https://store.storeimages.cdn-apple.com/8756/as-images.apple.com/is/mba13-m2-digitalmat-gallery-5-202402?wid=728&hei=666&fmt=png-alpha&.v=1707263976434'),
       (6, 1,
        'https://store.storeimages.cdn-apple.com/8756/as-images.apple.com/is/macbook-air-digitalmat-gallery-7-202206?wid=728&hei=666&fmt=png-alpha&.v=1652827325557'),
       (7, 2,
        'https://store.storeimages.cdn-apple.com/8756/as-images.apple.com/is/mba13-midnight-select-202402?wid=904&hei=840&fmt=jpeg&qlt=95&.v=1708367688034'),
       (8, 2,
        'https://store.storeimages.cdn-apple.com/8756/as-images.apple.com/is/mba13-m2-digitalmat-gallery-2-202402?wid=728&hei=666&fmt=png-alpha&.v=1708032703636'),
       (9, 2,
        'https://store.storeimages.cdn-apple.com/8756/as-images.apple.com/is/mba13-m2-digitalmat-gallery-3-202402?wid=728&hei=666&fmt=png-alpha&.v=1707263976370'),
       (10, 2,
        'https://store.storeimages.cdn-apple.com/8756/as-images.apple.com/is/mba13-m2-digitalmat-gallery-4-202402_GEO_VN?wid=728&hei=666&fmt=png-alpha&.v=1707779153329'),
       (11, 2,
        'https://store.storeimages.cdn-apple.com/8756/as-images.apple.com/is/mba13-m2-digitalmat-gallery-5-202402?wid=728&hei=666&fmt=png-alpha&.v=1707263976434'),
       (12, 2,
        'https://store.storeimages.cdn-apple.com/8756/as-images.apple.com/is/mba13-m3-digitalmat-gallery-6-202402?wid=728&hei=666&fmt=png-alpha&.v=1707263990662'),
       (13, 3,
        'https://store.storeimages.cdn-apple.com/8756/as-images.apple.com/is/mba15-midnight-select-202306?wid=904&hei=840&fmt=jpeg&qlt=95&.v=1684518479433'),
       (14, 3,
        'https://store.storeimages.cdn-apple.com/8756/as-images.apple.com/is/mba13-m2-digitalmat-gallery-2-202402?wid=728&hei=666&fmt=png-alpha&.v=1708032703636'),
       (15, 3,
        'https://store.storeimages.cdn-apple.com/8756/as-images.apple.com/is/mba13-m2-digitalmat-gallery-3-202402?wid=728&hei=666&fmt=png-alpha&.v=1707263976370'),
       (16, 3,
        'https://store.storeimages.cdn-apple.com/8756/as-images.apple.com/is/mba13-m2-digitalmat-gallery-4-202402_GEO_VN?wid=728&hei=666&fmt=png-alpha&.v=1707779153329'),
       (17, 3,
        'https://store.storeimages.cdn-apple.com/8756/as-images.apple.com/is/mba13-m2-digitalmat-gallery-5-202402?wid=728&hei=666&fmt=png-alpha&.v=1707263976434'),
       (18, 3,
        'https://store.storeimages.cdn-apple.com/8756/as-images.apple.com/is/mba15-m3-digitalmat-gallery-6-202402?wid=728&hei=666&fmt=jpeg&qlt=95&.v=1707264003940'),
       (19, 4,
        'https://store.storeimages.cdn-apple.com/8756/as-images.apple.com/is/mbp-14-digitalmat-gallery-1-202310?wid=728&hei=666&fmt=png-alpha&.v=1696971522628'),
       (20, 4,
        'https://store.storeimages.cdn-apple.com/8756/as-images.apple.com/is/mbp-14-digitalmat-gallery-2-202310?wid=728&hei=666&fmt=png-alpha&.v=1697915602337'),
       (21, 4,
        'https://store.storeimages.cdn-apple.com/8756/as-images.apple.com/is/mbp-14-digitalmat-gallery-3-202310?wid=728&hei=666&fmt=png-alpha&.v=1696971522864'),
       (22, 4,
        'https://store.storeimages.cdn-apple.com/8756/as-images.apple.com/is/mbp-14-digitalmat-gallery-4-202310_GEO_VN?wid=728&hei=666&fmt=png-alpha&.v=1699397068398'),
       (23, 4,
        'https://store.storeimages.cdn-apple.com/8756/as-images.apple.com/is/mbp-14-digitalmat-gallery-5-202310_GEO_VN?wid=728&hei=666&fmt=png-alpha&.v=1699397050160'),
       (24, 4,
        'https://store.storeimages.cdn-apple.com/8756/as-images.apple.com/is/mbp-14-digitalmat-gallery-6-202310?wid=728&hei=666&fmt=png-alpha&.v=1696971524925'),
       (25, 4,
        'https://store.storeimages.cdn-apple.com/8756/as-images.apple.com/is/mbp-14-digitalmat-gallery-7-202310?wid=728&hei=666&fmt=png-alpha&.v=1696971527085'),
       (26, 4,
        'https://store.storeimages.cdn-apple.com/8756/as-images.apple.com/is/mbp-14-digitalmat-gallery-8-202310?wid=728&hei=666&fmt=png-alpha&.v=1697498692237'),
       (27, 5,
        'https://store.storeimages.cdn-apple.com/8756/as-images.apple.com/is/mbp14-m3-max-pro-spaceblack-select-202310?wid=904&hei=840&fmt=jpeg&qlt=95&.v=1697230830118'),
       (28, 5,
        'https://store.storeimages.cdn-apple.com/8756/as-images.apple.com/is/mbp-14-digitalmat-gallery-2-202310?wid=728&hei=666&fmt=png-alpha&.v=1697915602337'),
       (29, 5,
        'https://store.storeimages.cdn-apple.com/8756/as-images.apple.com/is/mbp-14-digitalmat-gallery-3-202310?wid=728&hei=666&fmt=png-alpha&.v=1696971522864'),
       (30, 5,
        'https://store.storeimages.cdn-apple.com/8756/as-images.apple.com/is/mbp-14-digitalmat-gallery-4-202310_GEO_VN?wid=728&hei=666&fmt=png-alpha&.v=1699397068398'),
       (31, 5,
        'https://store.storeimages.cdn-apple.com/8756/as-images.apple.com/is/mbp-14-digitalmat-gallery-5-202310_GEO_VN?wid=728&hei=666&fmt=png-alpha&.v=1699397050160'),
       (32, 5,
        'https://store.storeimages.cdn-apple.com/8756/as-images.apple.com/is/mbp-14-digitalmat-gallery-6-202310?wid=728&hei=666&fmt=png-alpha&.v=1696971524925'),
       (33, 5,
        'https://store.storeimages.cdn-apple.com/8756/as-images.apple.com/is/mbp-14-digitalmat-gallery-7-202310?wid=728&hei=666&fmt=png-alpha&.v=1696971527085'),
       (34, 5,
        'https://store.storeimages.cdn-apple.com/8756/as-images.apple.com/is/mbp-14-digitalmat-gallery-8-202310?wid=728&hei=666&fmt=png-alpha&.v=1697498692237'),
       (35, 6,
        'https://store.storeimages.cdn-apple.com/8756/as-images.apple.com/is/mbp14-m3-max-pro-spaceblack-select-202310?wid=904&hei=840&fmt=jpeg&qlt=95&.v=1697230830118'),
       (36, 6,
        'https://store.storeimages.cdn-apple.com/8756/as-images.apple.com/is/mbp-14-digitalmat-gallery-2-202310?wid=728&hei=666&fmt=png-alpha&.v=1697915602337'),
       (37, 6,
        'https://store.storeimages.cdn-apple.com/8756/as-images.apple.com/is/mbp-14-digitalmat-gallery-3-202310?wid=728&hei=666&fmt=png-alpha&.v=1696971522864'),
       (38, 6,
        'https://store.storeimages.cdn-apple.com/8756/as-images.apple.com/is/mbp-14-digitalmat-gallery-4-202310_GEO_VN?wid=728&hei=666&fmt=png-alpha&.v=1699397068398'),
       (39, 6,
        'https://store.storeimages.cdn-apple.com/8756/as-images.apple.com/is/mbp-14-digitalmat-gallery-5-202310_GEO_VN?wid=728&hei=666&fmt=png-alpha&.v=1699397050160'),
       (40, 6,
        'https://store.storeimages.cdn-apple.com/8756/as-images.apple.com/is/mbp-14-digitalmat-gallery-6-202310?wid=728&hei=666&fmt=png-alpha&.v=1696971524925'),
       (41, 6,
        'https://store.storeimages.cdn-apple.com/8756/as-images.apple.com/is/mbp-14-digitalmat-gallery-7-202310?wid=728&hei=666&fmt=png-alpha&.v=1696971527085'),
       (42, 6,
        'https://store.storeimages.cdn-apple.com/8756/as-images.apple.com/is/mbp-14-digitalmat-gallery-8-202310?wid=728&hei=666&fmt=png-alpha&.v=1697498692237'),
       (43, 7,
        'https://store.storeimages.cdn-apple.com/8756/as-images.apple.com/is/mbp16-spaceblack-select-202310?wid=904&hei=840&fmt=jpeg&qlt=95&.v=1697311054290'),
       (44, 7,
        'https://store.storeimages.cdn-apple.com/8756/as-images.apple.com/is/mbp-16-digitalmat-gallery-2-202310?wid=728&hei=666&fmt=png-alpha&.v=1697917474258'),
       (45, 7,
        'https://store.storeimages.cdn-apple.com/8756/as-images.apple.com/is/mbp-16-digitalmat-gallery-3-202310?wid=728&hei=666&fmt=png-alpha&.v=1696971483097'),
       (46, 7,
        'https://store.storeimages.cdn-apple.com/8756/as-images.apple.com/is/mbp-16-digitalmat-gallery-4-202310?wid=728&hei=666&fmt=png-alpha&.v=1696971485125'),
       (47, 7,
        'https://store.storeimages.cdn-apple.com/8756/as-images.apple.com/is/mbp-16-digitalmat-gallery-5-202310?wid=728&hei=666&fmt=png-alpha&.v=1696971485314'),
       (48, 7,
        'https://store.storeimages.cdn-apple.com/8756/as-images.apple.com/is/mbp-16-digitalmat-gallery-6-202310?wid=728&hei=666&fmt=png-alpha&.v=1696971485782'),
       (49, 7,
        'https://store.storeimages.cdn-apple.com/8756/as-images.apple.com/is/mbp-16-digitalmat-gallery-7-202310?wid=728&hei=666&fmt=png-alpha&.v=1698098020318'),
       (50, 8,
        'https://store.storeimages.cdn-apple.com/8756/as-images.apple.com/is/mbp-14-digitalmat-gallery-1-202310?wid=728&hei=666&fmt=png-alpha&.v=1696971522628'),
       (51, 8,
        'https://store.storeimages.cdn-apple.com/8756/as-images.apple.com/is/mbp-14-digitalmat-gallery-2-202310?wid=728&hei=666&fmt=png-alpha&.v=1697915602337'),
       (52, 8,
        'https://store.storeimages.cdn-apple.com/8756/as-images.apple.com/is/mbp-14-digitalmat-gallery-3-202310?wid=728&hei=666&fmt=png-alpha&.v=1696971522864'),
       (53, 8,
        'https://store.storeimages.cdn-apple.com/8756/as-images.apple.com/is/mbp-14-digitalmat-gallery-4-202310_GEO_VN?wid=728&hei=666&fmt=png-alpha&.v=1699397068398'),
       (54, 8,
        'https://store.storeimages.cdn-apple.com/8756/as-images.apple.com/is/mbp-14-digitalmat-gallery-5-202310_GEO_VN?wid=728&hei=666&fmt=png-alpha&.v=1699397050160'),
       (55, 8,
        'https://store.storeimages.cdn-apple.com/8756/as-images.apple.com/is/mbp-14-digitalmat-gallery-6-202310?wid=728&hei=666&fmt=png-alpha&.v=1696971524925'),
       (56, 8,
        'https://store.storeimages.cdn-apple.com/8756/as-images.apple.com/is/mbp-14-digitalmat-gallery-7-202310?wid=728&hei=666&fmt=png-alpha&.v=1696971527085'),
       (57, 8,
        'https://store.storeimages.cdn-apple.com/8756/as-images.apple.com/is/mbp-14-digitalmat-gallery-8-202310?wid=728&hei=666&fmt=png-alpha&.v=1697498692237');


INSERT INTO product_item
(id, product_id, category, name, qty_in_stock, price, image_url, slug)
VALUES (1, 1, 'MacBook Air 13 inch M2 Đêm Xanh Thẳm 8GB/256GB', 27, 24999000,
        'https://store.storeimages.cdn-apple.com/8756/as-images.apple.com/is/mba13-midnight-select-202402?wid=904&hei=840&fmt=jpeg&qlt=95&.v=1708367688034',
        'macbook-air-13-inch-m2-dem-xanh-tham-8gb-256gb'),
       (2, 1, 'MacBook Air 13 inch M2 Ánh Sao 8GB/256GB', 27, 24999000,
        'https://store.storeimages.cdn-apple.com/8756/as-images.apple.com/is/mba13-starlight-select-202402?wid=904&hei=840&fmt=jpeg&qlt=95&.v=1708367845124',
        'macbook-air-13-inch-m2-anh-sao-8gb-256gb'),
       (3, 1, 'MacBook Air 13 inch M2 Xám Không Gian 8GB/256GB', 25, 24999000,
        'https://store.storeimages.cdn-apple.com/8756/as-images.apple.com/is/mba13-spacegray-select-202402?wid=904&hei=840&fmt=jpeg&qlt=95&.v=1708367688029',
        'macbook-air-13-inch-m2-xam-khong-gian-8gb-256gb'),
       (4, 1, 'MacBook Air 13 inch M2 Bạc 8GB/256GB', 25, 24999000,
        'https://store.storeimages.cdn-apple.com/8756/as-images.apple.com/is/mba13-silver-select-202402?wid=904&hei=840&fmt=jpeg&qlt=95&.v=1708367688030',
        'macbook-air-13-inch-m2-bac-8gb-256gb'),
       (5, 1, 'MacBook Air 13 inch M2 Đêm Xanh Thẳm 8GB/512GB', 25, 29999000,
        'https://store.storeimages.cdn-apple.com/8756/as-images.apple.com/is/mba13-midnight-select-202402?wid=904&hei=840&fmt=jpeg&qlt=95&.v=1708367688034',
        'macbook-air-13-inch-m2-dem-xanh-tham-8gb-512gb'),
       (6, 1, 'MacBook Air 13 inch M2 Ánh Sao 8GB/512GB', 25, 29999000,
        'https://store.storeimages.cdn-apple.com/8756/as-images.apple.com/is/mba13-starlight-select-202402?wid=904&hei=840&fmt=jpeg&qlt=95&.v=1708367845124',
        'macbook-air-13-inch-m2-anh-sao-8gb-512gb'),
       (7, 1, 'MacBook Air 13 inch M2 Xám Không Gian 8GB/512GB', 25, 29999000,
        'https://store.storeimages.cdn-apple.com/8756/as-images.apple.com/is/mba13-spacegray-select-202402?wid=904&hei=840&fmt=jpeg&qlt=95&.v=1708367688029',
        'macbook-air-13-inch-m2-xam-khong-gian-8gb-512gb'),
       (8, 1, 'MacBook Air 13 inch M2 Bạc 8GB/512GB', 25, 29999000,
        'https://store.storeimages.cdn-apple.com/8756/as-images.apple.com/is/mba13-silver-select-202402?wid=904&hei=840&fmt=jpeg&qlt=95&.v=1708367688030',
        'macbook-air-13-inch-m2-bac-8gb-512gb'),
       (9, 2, 'MacBook Air 13 inch M3 Đêm Xanh Thẳm 8GB/256GB', 31, 27999000,
        'https://store.storeimages.cdn-apple.com/8756/as-images.apple.com/is/mba13-midnight-select-202402?wid=904&hei=840&fmt=jpeg&qlt=95&.v=1708367688034',
        'macbook-air-13-inch-m3-dem-xanh-tham-8gb-256gb'),
       (10, 2, 'MacBook Air 13 inch M3 Ánh Sao 8GB/256GB', 31, 27999000,
        'https://store.storeimages.cdn-apple.com/8756/as-images.apple.com/is/mba13-starlight-select-202402?wid=904&hei=840&fmt=jpeg&qlt=95&.v=1708367845124',
        'macbook-air-13-inch-m3-anh-sao-8gb-256gb'),
       (11, 2, 'MacBook Air 13 inch M3 Xám Không Gian 8GB/256GB', 31, 27999000,
        'https://store.storeimages.cdn-apple.com/8756/as-images.apple.com/is/mba13-spacegray-select-202402?wid=904&hei=840&fmt=jpeg&qlt=95&.v=1708367688029',
        'macbook-air-13-inch-m3-xam-khong-gian-8gb-256gb'),
       (12, 2, 'MacBook Air 13 inch M3 Bạc 8GB/256GB', 31, 27999000,
        'https://store.storeimages.cdn-apple.com/8756/as-images.apple.com/is/mba13-silver-select-202402?wid=904&hei=840&fmt=jpeg&qlt=95&.v=1708367688030',
        'macbook-air-13-inch-m3-bac-8gb-256gb'),
       (13, 2, 'MacBook Air 13 inch M3 Đêm Xanh Thẳm 8GB/512GB', 31, 32999000,
        'https://store.storeimages.cdn-apple.com/8756/as-images.apple.com/is/mba13-midnight-select-202402?wid=904&hei=840&fmt=jpeg&qlt=95&.v=1708367688034',
        'macbook-air-13-inch-m3-dem-xanh-tham-8gb-512gb'),
       (14, 2, 'MacBook Air 13 inch M3 Ánh Sao 8GB/512GB', 31, 32999000,
        'https://store.storeimages.cdn-apple.com/8756/as-images.apple.com/is/mba13-starlight-select-202402?wid=904&hei=840&fmt=jpeg&qlt=95&.v=1708367845124',
        'macbook-air-13-inch-m3-anh-sao-8gb-512gb'),
       (15, 2, 'MacBook Air 13 inch M3 Xám Không Gian 8GB/512GB', 24, 32999000,
        'https://store.storeimages.cdn-apple.com/8756/as-images.apple.com/is/mba13-spacegray-select-202402?wid=904&hei=840&fmt=jpeg&qlt=95&.v=1708367688029',
        'macbook-air-13-inch-m3-xam-khong-gian-8gb-512gb'),
       (16, 2, 'MacBook Air 13 inch M3 Bạc 8GB/512GB', 24, 32999000,
        'https://store.storeimages.cdn-apple.com/8756/as-images.apple.com/is/mba13-silver-select-202402?wid=904&hei=840&fmt=jpeg&qlt=95&.v=1708367688030',
        'macbook-air-13-inch-m3-bac-8gb-512gb'),
       (17, 2, 'MacBook Air 13 inch M3 Đêm Xanh Thẳm 16GB/512GB', 24, 37999000,
        'https://store.storeimages.cdn-apple.com/8756/as-images.apple.com/is/mba13-midnight-select-202402?wid=904&hei=840&fmt=jpeg&qlt=95&.v=1708367688034',
        'macbook-air-13-inch-m3-dem-xanh-tham-16gb-512gb'),
       (18, 2, 'MacBook Air 13 inch M3 Ánh Sao 16GB/512GB', 26, 37999000,
        'https://store.storeimages.cdn-apple.com/8756/as-images.apple.com/is/mba13-starlight-select-202402?wid=904&hei=840&fmt=jpeg&qlt=95&.v=1708367845124',
        'macbook-air-13-inch-m3-anh-sao-16gb-512gb'),
       (19, 2, 'MacBook Air 13 inch M3 Xám Không Gian 16GB/512GB', 26, 37999000,
        'https://store.storeimages.cdn-apple.com/8756/as-images.apple.com/is/mba13-spacegray-select-202402?wid=904&hei=840&fmt=jpeg&qlt=95&.v=1708367688029',
        'macbook-air-13-inch-m3-xam-khong-gian-16gb-512gb'),
       (20, 2, 'MacBook Air 13 inch M3 Bạc 16GB/512GB', 26, 37999000,
        'https://store.storeimages.cdn-apple.com/8756/as-images.apple.com/is/mba13-silver-select-202402?wid=904&hei=840&fmt=jpeg&qlt=95&.v=1708367688030',
        'macbook-air-13-inch-m3-bac-16gb-512gb'),
       (21, 3, 'MacBook Air 15 inch M3 Đêm Xanh Thẳm 8GB/256GB', 38, 32999000,
        'https://store.storeimages.cdn-apple.com/8756/as-images.apple.com/is/mba15-midnight-select-202306?wid=904&hei=840&fmt=jpeg&qlt=95&.v=1684518479433',
        'macbook-air-15-inch-m3-dem-xanh-tham-8gb-256gb'),
       (22, 3, 'MacBook Air 15 inch M3 Ánh Sao 8GB/256GB', 38, 32999000,
        'https://store.storeimages.cdn-apple.com/8756/as-images.apple.com/is/mba15-starlight-select-202306?wid=904&hei=840&fmt=jpeg&qlt=95&.v=1684518479450',
        'macbook-air-15-inch-m3-anh-sao-8gb-256gb'),
       (23, 3, 'MacBook Air 15 inch M3 Xám Không Gian 8GB/256GB', 38, 32999000,
        'https://store.storeimages.cdn-apple.com/8756/as-images.apple.com/is/mba15-spacegray-select-202306?wid=904&hei=840&fmt=jpeg&qlt=95&.v=1684518479428',
        'macbook-air-15-inch-m3-xam-khong-gian-8gb-256gb'),
       (24, 3, 'MacBook Air 15 inch M3 Bạc 8GB/256GB', 38, 32999000,
        'https://store.storeimages.cdn-apple.com/8756/as-images.apple.com/is/mba15-silver-select-202306?wid=904&hei=840&fmt=jpeg&qlt=95&.v=1684518479266',
        'macbook-air-15-inch-m3-bac-8gb-256gb'),
       (25, 3, 'MacBook Air 15 inch M3 Đêm Xanh Thẳm 8GB/512GB', 38, 37999000,
        'https://store.storeimages.cdn-apple.com/8756/as-images.apple.com/is/mba15-midnight-select-202306?wid=904&hei=840&fmt=jpeg&qlt=95&.v=1684518479433',
        'macbook-air-15-inch-m3-dem-xanh-tham-8gb-512gb'),
       (26, 3, 'MacBook Air 15 inch M3 Ánh Sao 8GB/512GB', 38, 37999000,
        'https://store.storeimages.cdn-apple.com/8756/as-images.apple.com/is/mba15-starlight-select-202306?wid=904&hei=840&fmt=jpeg&qlt=95&.v=1684518479450',
        'macbook-air-15-inch-m3-anh-sao-8gb-512gb'),
       (27, 3, 'MacBook Air 15 inch M3 Xám Không Gian 8GB/512GB', 38, 37999000,
        'https://store.storeimages.cdn-apple.com/8756/as-images.apple.com/is/mba15-spacegray-select-202306?wid=904&hei=840&fmt=jpeg&qlt=95&.v=1684518479428',
        'macbook-air-15-inch-m3-xam-khong-gian-8gb-512gb'),
       (28, 3, 'MacBook Air 15 inch M3 Bạc 8GB/512GB', 38, 37999000,
        'https://store.storeimages.cdn-apple.com/8756/as-images.apple.com/is/mba15-silver-select-202306?wid=904&hei=840&fmt=jpeg&qlt=95&.v=1684518479266',
        'macbook-air-15-inch-m3-bac-8gb-512gb'),
       (29, 3, 'MacBook Air 15 inch M3 Đêm Xanh Thẳm 16GB/512GB', 38, 42999000,
        'https://store.storeimages.cdn-apple.com/8756/as-images.apple.com/is/mba15-midnight-select-202306?wid=904&hei=840&fmt=jpeg&qlt=95&.v=1684518479433',
        'macbook-air-15-inch-m3-dem-xanh-tham-16gb-512gb'),
       (30, 3, 'MacBook Air 15 inch M3 Ánh Sao 16GB/512GB', 38, 42999000,
        'https://store.storeimages.cdn-apple.com/8756/as-images.apple.com/is/mba15-starlight-select-202306?wid=904&hei=840&fmt=jpeg&qlt=95&.v=1684518479450',
        'macbook-air-15-inch-m3-anh-sao-16gb-512gb'),
       (31, 3, 'MacBook Air 15 inch M3 Xám Không Gian 16GB/512GB', 38, 42999000,
        'https://store.storeimages.cdn-apple.com/8756/as-images.apple.com/is/mba15-spacegray-select-202306?wid=904&hei=840&fmt=jpeg&qlt=95&.v=1684518479428',
        'macbook-air-15-inch-m3-xam-khong-gian-16gb-512gb'),
       (32, 3, 'MacBook Air 15 inch M3 Bạc 16GB/512GB', 38, 42999000,
        'https://store.storeimages.cdn-apple.com/8756/as-images.apple.com/is/mba15-silver-select-202306?wid=904&hei=840&fmt=jpeg&qlt=95&.v=1684518479266',
        'macbook-air-15-inch-m3-bac-16gb-512gb'),
       (33, 4, 'MacBook Pro 14 inch M3 Xám Không Gian 8GB/512GB', 38, 39999000,
        'https://store.storeimages.cdn-apple.com/8756/as-images.apple.com/is/mbp14-spacegray-select-202310?wid=904&hei=840&fmt=jpeg&qlt=95&.v=1697230830200',
        'macbook-pro-14-inch-m3-xam-khong-gian-8gb-512gb'),
       (34, 4, 'MacBook Pro 14 inch M3 Bạc 8GB/512GB', 38, 39999000,
        'https://store.storeimages.cdn-apple.com/8756/as-images.apple.com/is/mbp14-silver-select-202310?wid=904&hei=840&fmt=jpeg&qlt=95&.v=1697230830269',
        'macbook-pro-14-inch-m3-bac-8gb-512gb'),
       (35, 4, 'MacBook Pro 14 inch M3 Xám Không Gian 8GB/1TB', 38, 44999000,
        'https://store.storeimages.cdn-apple.com/8756/as-images.apple.com/is/mbp14-spacegray-select-202310?wid=904&hei=840&fmt=jpeg&qlt=95&.v=1697230830200',
        'macbook-pro-14-inch-m3-xam-khong-gian-8gb-1tb'),
       (36, 4, 'MacBook Pro 14 inch M3 Bạc 8GB/1TB', 38, 44999000,
        'https://store.storeimages.cdn-apple.com/8756/as-images.apple.com/is/mbp14-silver-select-202310?wid=904&hei=840&fmt=jpeg&qlt=95&.v=1697230830269',
        'macbook-pro-14-inch-m3-bac-8gb-1tb'),
       (37, 4, 'MacBook Pro 14 inch M3 Xám Không Gian 16GB/1TB', 38, 49999000,
        'https://store.storeimages.cdn-apple.com/8756/as-images.apple.com/is/mbp14-spacegray-select-202310?wid=904&hei=840&fmt=jpeg&qlt=95&.v=1697230830200',
        'macbook-pro-14-inch-m3-xam-khong-gian-16gb-1tb'),
       (38, 4, 'MacBook Pro 14 inch M3 Bạc 16GB/1TB', 38, 49999000,
        'https://store.storeimages.cdn-apple.com/8756/as-images.apple.com/is/mbp14-silver-select-202310?wid=904&hei=840&fmt=jpeg&qlt=95&.v=1697230830269',
        'macbook-pro-14-inch-m3-bac-16gb-1tb'),
       (39, 5, 'MacBook Pro 14 inch M3 Pro Đen Không Gian 18GB/512GB', 38, 49999000,
        'https://store.storeimages.cdn-apple.com/8756/as-images.apple.com/is/mbp14-m3-max-pro-spaceblack-select-202310?wid=904&hei=840&fmt=jpeg&qlt=95&.v=1697230830118',
        'macbook-pro-14-inch-m3-pro-den-khong-gian-18gb-512gb'),
       (40, 5, 'MacBook Pro 14 inch M3 Pro Bạc 18GB/512GB', 38, 49999000,
        'https://store.storeimages.cdn-apple.com/8756/as-images.apple.com/is/mbp14-m3-max-pro-silver-select-202310?wid=904&hei=840&fmt=jpeg&qlt=95&.v=1697230829879',
        'macbook-pro-14-inch-m3-pro-bac-18gb-512gb'),
       (41, 5, 'MacBook Pro 14 inch M3 Pro Đen Không Gian 18GB/1TB', 38, 59999000,
        'https://store.storeimages.cdn-apple.com/8756/as-images.apple.com/is/mbp14-m3-max-pro-spaceblack-select-202310?wid=904&hei=840&fmt=jpeg&qlt=95&.v=1697230830118',
        'macbook-pro-14-inch-m3-pro-den-khong-gian-18gb-1tb'),
       (42, 5, 'MacBook Pro 14 inch M3 Pro Bạc 18GB/1TB', 38, 59999000,
        'https://store.storeimages.cdn-apple.com/8756/as-images.apple.com/is/mbp14-m3-max-pro-silver-select-202310?wid=904&hei=840&fmt=jpeg&qlt=95&.v=1697230829879',
        'macbook-pro-14-inch-m3-pro-bac-18gb-1tb'),
       (43, 6, 'MacBook Pro 14 inch M3 Max Đen Không Gian 36GB/1TB', 38, 79999000,
        'https://store.storeimages.cdn-apple.com/8756/as-images.apple.com/is/mbp14-m3-max-pro-spaceblack-select-202310?wid=904&hei=840&fmt=jpeg&qlt=95&.v=1697230830118',
        'macbook-pro-14-inch-m3-max-den-khong-gian-36gb-1tb'),
       (44, 6, 'MacBook Pro 14 inch M3 Max Bạc 36GB/1TB', 38, 79999000,
        'https://store.storeimages.cdn-apple.com/8756/as-images.apple.com/is/mbp14-m3-max-pro-silver-select-202310?wid=904&hei=840&fmt=jpeg&qlt=95&.v=1697230829879',
        'macbook-pro-14-inch-m3-max-bac-36gb-1tb');


INSERT INTO product_configuration
(product_item_id, variation_option_id)
VALUES
    (1,1),
    (1,5),
    (1,7),
    (2,2),
    (2,5),
    (2,7),
    (3,3),
    (3,5),
    (3,7),
    (4,4),
    (4,5),
    (4,7),
    (5,1),
    (5,5),
    (5,8),
    (6,2),
    (6,5),
    (6,8),
    (7,3),
    (7,5),
    (7,8),
    (8,4),
    (8,5),
    (8,8),
    (9,1),
    (9,5),
    (9,7),
    (10,2),
    (10,5),
    (10,7),
    (11,3),
    (11,5),
    (11,7),
    (12,4),
    (12,5),
    (12,7),
    (13,1),
    (13,5),
    (13,8),
    (14,2),
    (14,5),
    (14,8),
    (15,3),
    (15,5),
    (15,8),
    (16,4),
    (16,5),
    (16,8),
    (17,1),
    (17,6),
    (17,8),
    (18,2),
    (18,6),
    (18,8),
    (19,3),
    (19,6),
    (19,8),
    (20,4),
    (20,6),
    (20,8),
    (21,1),
    (21,5),
    (21,7),
    (22,2),
    (22,5),
    (22,7),
    (23,3),
    (23,5),
    (23,7),
    (24,4),
    (24,5),
    (24,7),
    (25,1),
    (25,5),
    (25,8),
    (26,2),
    (26,5),
    (26,8),
    (27,3),
    (27,5),
    (27,8),
    (28,4),
    (28,5),
    (28,8),
    (29,1),
    (29,6),
    (29,8),
    (30,2),
    (30,6),
    (30,8),
    (31,3),
    (31,6),
    (31,8),
    (32,4),
    (32,6),
    (32,8),
    (33,10),
    (33,12),
    (33,17),
    (34,11),
    (34,12),
    (34,17),
    (35,10),
    (35,12),
    (35,18),
    (36,11),
    (36,12),
    (36,18),
    (37,10),
    (37,13),
    (37,18),
    (38,11),
    (38,13),
    (38,18),
    (39,9),
    (39,14),
    (39,17),
    (40,11),
    (40,14),
    (40,17),
    (41,9),
    (41,14),
    (41,18),
    (42,11),
    (42,14),
    (42,18),
    (43,9),
    (43,15),
    (43,18),
    (44,11),
    (44,15),
    (44,18);



INSERT INTO product_attribute (id, product_item_id, value)
VALUES (1, 1, 'Neural Engine 16 lõi'),
       (2, 1, 'Màn hình Liquid Retina 13,6 inch với True Tone²'),
       (3, 1, 'Camera FaceTime HD 1080p'),
       (4, 1, 'Cổng sạc MagSafe 3'),
       (5, 1, 'Hai cổng Thunderbolt / USB 4'),
       (6, 1, 'Hỗ trợ một màn hình ngoài'),
       (7, 1, 'Magic Keyboard với Touch ID'),
       (8, 1, 'Bàn di chuột Force Touch'),
       (9, 1, 'Bộ Tiếp Hợp Nguồn USB-C 30W'),
       (10, 2, 'Neural Engine 16 lõi'),
       (11, 2, 'Màn hình Liquid Retina 13,6 inch với True Tone²'),
       (12, 2, 'Camera FaceTime HD 1080p'),
       (13, 2, 'Cổng sạc MagSafe 3'),
       (14, 2, 'Hai cổng Thunderbolt / USB 4'),
       (15, 2, 'Hỗ trợ một màn hình ngoài'),
       (16, 2, 'Magic Keyboard với Touch ID'),
       (17, 2, 'Bàn di chuột Force Touch'),
       (18, 2, 'Bộ Tiếp Hợp Nguồn USB-C 30W'),
       (19, 3, 'Neural Engine 16 lõi'),
       (20, 3, 'Màn hình Liquid Retina 13,6 inch với True Tone²'),
       (21, 3, 'Camera FaceTime HD 1080p'),
       (22, 3, 'Cổng sạc MagSafe 3'),
       (23, 3, 'Hai cổng Thunderbolt / USB 4'),
       (24, 3, 'Hỗ trợ một màn hình ngoài'),
       (25, 3, 'Magic Keyboard với Touch ID'),
       (26, 3, 'Bàn di chuột Force Touch'),
       (27, 3, 'Bộ Tiếp Hợp Nguồn USB-C 30W'),
       (28, 4, 'Neural Engine 16 lõi'),
       (29, 4, 'Màn hình Liquid Retina 13,6 inch với True Tone²'),
       (30, 4, 'Camera FaceTime HD 1080p'),
       (31, 4, 'Cổng sạc MagSafe 3'),
       (32, 4, 'Hai cổng Thunderbolt / USB 4'),
       (33, 4, 'Hỗ trợ một màn hình ngoài'),
       (34, 4, 'Magic Keyboard với Touch ID'),
       (35, 4, 'Bàn di chuột Force Touch'),
       (36, 4, 'Bộ Tiếp Hợp Nguồn USB-C 30W'),
       (37, 5, 'Neural Engine 16 lõi'),
       (38, 5, 'Màn hình Liquid Retina 13,6 inch với True Tone²'),
       (39, 5, 'Camera FaceTime HD 1080p'),
       (40, 5, 'Cổng sạc MagSafe 3'),
       (41, 5, 'Hai cổng Thunderbolt / USB 4'),
       (42, 5, 'Hỗ trợ một màn hình ngoài'),
       (43, 5, 'Magic Keyboard với Touch ID'),
       (44, 5, 'Bàn di chuột Force Touch'),
       (45, 5, 'Bộ Tiếp Hợp Nguồn Cổng USB-C Kép 35W'),
       (46, 6, 'Neural Engine 16 lõi'),
       (47, 6, 'Màn hình Liquid Retina 13,6 inch với True Tone²'),
       (48, 6, 'Camera FaceTime HD 1080p'),
       (49, 6, 'Cổng sạc MagSafe 3'),
       (50, 6, 'Hai cổng Thunderbolt / USB 4'),
       (51, 6, 'Hỗ trợ một màn hình ngoài'),
       (52, 6, 'Magic Keyboard với Touch ID'),
       (53, 6, 'Bàn di chuột Force Touch'),
       (54, 6, 'Bộ Tiếp Hợp Nguồn Cổng USB-C Kép 35W'),
       (55, 7, 'Neural Engine 16 lõi'),
       (56, 7, 'Màn hình Liquid Retina 13,6 inch với True Tone²'),
       (57, 7, 'Camera FaceTime HD 1080p'),
       (58, 7, 'Cổng sạc MagSafe 3'),
       (59, 7, 'Hai cổng Thunderbolt / USB 4'),
       (60, 7, 'Hỗ trợ một màn hình ngoài'),
       (61, 7, 'Magic Keyboard với Touch ID'),
       (62, 7, 'Bàn di chuột Force Touch'),
       (63, 7, 'Bộ Tiếp Hợp Nguồn Cổng USB-C Kép 35W'),
       (64, 8, 'Neural Engine 16 lõi'),
       (65, 8, 'Màn hình Liquid Retina 13,6 inch với True Tone²'),
       (66, 8, 'Camera FaceTime HD 1080p'),
       (67, 8, 'Cổng sạc MagSafe 3'),
       (68, 8, 'Hai cổng Thunderbolt / USB 4'),
       (69, 8, 'Hỗ trợ một màn hình ngoài'),
       (70, 8, 'Magic Keyboard với Touch ID'),
       (71, 8, 'Bàn di chuột Force Touch'),
       (72, 8, 'Bộ Tiếp Hợp Nguồn Cổng USB-C Kép 35W'),
       (73, 9, 'Neural Engine 16 lõi'),
       (74, 9, 'Màn hình Liquid Retina 13,6 inch với True Tone²'),
       (75, 9, 'Camera FaceTime HD 1080p'),
       (76, 9, 'Cổng sạc MagSafe 3'),
       (77, 9, 'Hai cổng Thunderbolt / USB 4'),
       (78, 9, 'Hỗ trợ lên đến hai màn hình ngoài (khi máy tính xách tay đang đóng nắp)'),
       (79, 9, 'Magic Keyboard với Touch ID'),
       (80, 9, 'Bàn di chuột Force Touch'),
       (81, 9, 'Bộ Tiếp Hợp Nguồn USB-C 30W'),
       (82, 10, 'Neural Engine 16 lõi'),
       (83, 10, 'Màn hình Liquid Retina 13,6 inch với True Tone²'),
       (84, 10, 'Camera FaceTime HD 1080p'),
       (85, 10, 'Cổng sạc MagSafe 3'),
       (86, 10, 'Hai cổng Thunderbolt / USB 4'),
       (87, 10, 'Hỗ trợ lên đến hai màn hình ngoài (khi máy tính xách tay đang đóng nắp)'),
       (88, 10, 'Magic Keyboard với Touch ID'),
       (89, 10, 'Bàn di chuột Force Touch'),
       (90, 10, 'Bộ Tiếp Hợp Nguồn USB-C 30W'),
       (91, 11, 'Neural Engine 16 lõi'),
       (92, 11, 'Màn hình Liquid Retina 13,6 inch với True Tone²'),
       (93, 11, 'Camera FaceTime HD 1080p'),
       (94, 11, 'Cổng sạc MagSafe 3'),
       (95, 11, 'Hai cổng Thunderbolt / USB 4'),
       (96, 11, 'Hỗ trợ lên đến hai màn hình ngoài (khi máy tính xách tay đang đóng nắp)'),
       (97, 11, 'Magic Keyboard với Touch ID'),
       (98, 11, 'Bàn di chuột Force Touch'),
       (99, 11, 'Bộ Tiếp Hợp Nguồn USB-C 30W'),
       (100, 12, 'Neural Engine 16 lõi'),
       (101, 12, 'Màn hình Liquid Retina 13,6 inch với True Tone²'),
       (102, 12, 'Camera FaceTime HD 1080p'),
       (103, 12, 'Cổng sạc MagSafe 3'),
       (104, 12, 'Hai cổng Thunderbolt / USB 4'),
       (105, 12, 'Hỗ trợ lên đến hai màn hình ngoài (khi máy tính xách tay đang đóng nắp)'),
       (106, 12, 'Magic Keyboard với Touch ID'),
       (107, 12, 'Bàn di chuột Force Touch'),
       (108, 12, 'Bộ Tiếp Hợp Nguồn USB-C 30W'),
       (109, 13, 'Neural Engine 16 lõi'),
       (110, 13, 'Màn hình Liquid Retina 13,6 inch với True Tone²'),
       (111, 13, 'Camera FaceTime HD 1080p'),
       (112, 13, 'Cổng sạc MagSafe 3'),
       (113, 13, 'Hai cổng Thunderbolt / USB 4'),
       (114, 13, 'Hỗ trợ lên đến hai màn hình ngoài (khi máy tính xách tay đang đóng nắp)'),
       (115, 13, 'Magic Keyboard với Touch ID'),
       (116, 13, 'Bàn di chuột Force Touch'),
       (117, 13, 'Bộ Tiếp Hợp Nguồn Cổng USB-C Kép 35W'),
       (118, 14, 'Neural Engine 16 lõi'),
       (119, 14, 'Màn hình Liquid Retina 13,6 inch với True Tone²'),
       (120, 14, 'Camera FaceTime HD 1080p'),
       (121, 14, 'Cổng sạc MagSafe 3'),
       (122, 14, 'Hai cổng Thunderbolt / USB 4'),
       (123, 14, 'Hỗ trợ lên đến hai màn hình ngoài (khi máy tính xách tay đang đóng nắp)'),
       (124, 14, 'Magic Keyboard với Touch ID'),
       (125, 14, 'Bàn di chuột Force Touch'),
       (126, 14, 'Bộ Tiếp Hợp Nguồn Cổng USB-C Kép 35W'),
       (127, 15, 'Neural Engine 16 lõi'),
       (128, 15, 'Màn hình Liquid Retina 13,6 inch với True Tone²'),
       (129, 15, 'Camera FaceTime HD 1080p'),
       (130, 15, 'Cổng sạc MagSafe 3'),
       (131, 15, 'Hai cổng Thunderbolt / USB 4'),
       (132, 15, 'Hỗ trợ lên đến hai màn hình ngoài (khi máy tính xách tay đang đóng nắp)'),
       (133, 15, 'Magic Keyboard với Touch ID'),
       (134, 15, 'Bàn di chuột Force Touch'),
       (135, 15, 'Bộ Tiếp Hợp Nguồn Cổng USB-C Kép 35W'),
       (136, 16, 'Neural Engine 16 lõi'),
       (137, 16, 'Màn hình Liquid Retina 13,6 inch với True Tone²'),
       (138, 16, 'Camera FaceTime HD 1080p'),
       (139, 16, 'Cổng sạc MagSafe 3'),
       (140, 16, 'Hai cổng Thunderbolt / USB 4'),
       (141, 16, 'Hỗ trợ lên đến hai màn hình ngoài (khi máy tính xách tay đang đóng nắp)'),
       (142, 16, 'Magic Keyboard với Touch ID'),
       (143, 16, 'Bàn di chuột Force Touch'),
       (144, 16, 'Bộ Tiếp Hợp Nguồn Cổng USB-C Kép 35W'),
       (145, 17, 'Neural Engine 16 lõi'),
       (146, 17, 'Màn hình Liquid Retina 13,6 inch với True Tone²'),
       (147, 17, 'Camera FaceTime HD 1080p'),
       (148, 17, 'Cổng sạc MagSafe 3'),
       (149, 17, 'Hai cổng Thunderbolt / USB 4'),
       (150, 17, 'Hỗ trợ lên đến hai màn hình ngoài (khi máy tính xách tay đang đóng nắp)'),
       (151, 17, 'Magic Keyboard với Touch ID'),
       (152, 17, 'Bàn di chuột Force Touch'),
       (153, 17, 'Bộ Tiếp Hợp Nguồn Cổng USB-C Kép 35W'),
       (154, 18, 'Neural Engine 16 lõi'),
       (155, 18, 'Màn hình Liquid Retina 13,6 inch với True Tone²'),
       (156, 18, 'Camera FaceTime HD 1080p'),
       (157, 18, 'Cổng sạc MagSafe 3'),
       (158, 18, 'Hai cổng Thunderbolt / USB 4'),
       (159, 18, 'Hỗ trợ lên đến hai màn hình ngoài (khi máy tính xách tay đang đóng nắp)'),
       (160, 18, 'Magic Keyboard với Touch ID'),
       (161, 18, 'Bàn di chuột Force Touch'),
       (162, 18, 'Bộ Tiếp Hợp Nguồn Cổng USB-C Kép 35W'),
       (163, 19, 'Neural Engine 16 lõi'),
       (164, 19, 'Màn hình Liquid Retina 13,6 inch với True Tone²'),
       (165, 19, 'Camera FaceTime HD 1080p'),
       (166, 19, 'Cổng sạc MagSafe 3'),
       (167, 19, 'Hai cổng Thunderbolt / USB 4'),
       (168, 19, 'Hỗ trợ lên đến hai màn hình ngoài (khi máy tính xách tay đang đóng nắp)'),
       (169, 19, 'Magic Keyboard với Touch ID'),
       (170, 19, 'Bàn di chuột Force Touch'),
       (171, 19, 'Bộ Tiếp Hợp Nguồn Cổng USB-C Kép 35W'),
       (172, 20, 'Neural Engine 16 lõi'),
       (173, 20, 'Màn hình Liquid Retina 13,6 inch với True Tone²'),
       (174, 20, 'Camera FaceTime HD 1080p'),
       (175, 20, 'Cổng sạc MagSafe 3'),
       (176, 20, 'Hai cổng Thunderbolt / USB 4'),
       (177, 20, 'Hỗ trợ lên đến hai màn hình ngoài (khi máy tính xách tay đang đóng nắp)'),
       (178, 20, 'Magic Keyboard với Touch ID'),
       (179, 20, 'Bàn di chuột Force Touch'),
       (180, 20, 'Bộ Tiếp Hợp Nguồn Cổng USB-C Kép 35W'),
       (181, 21, 'Neural Engine 16 lõi'),
       (182, 21, 'Màn hình Liquid Retina 15,3 inch với True Tone²'),
       (183, 21, 'Camera FaceTime HD 1080p'),
       (184, 21, 'Cổng sạc MagSafe 3'),
       (185, 21, 'Hai cổng Thunderbolt / USB 4'),
       (186, 21, 'Hỗ trợ lên đến hai màn hình ngoài (khi máy tính xách tay đang đóng nắp)'),
       (187, 21, 'Magic Keyboard với Touch ID'),
       (188, 21, 'Bàn di chuột Force Touch'),
       (189, 21, 'Bộ Tiếp Hợp Nguồn Cổng USB-C Kép 35W'),
       (190, 22, 'Neural Engine 16 lõi'),
       (191, 22, 'Màn hình Liquid Retina 15,3 inch với True Tone²'),
       (192, 22, 'Camera FaceTime HD 1080p'),
       (193, 22, 'Cổng sạc MagSafe 3'),
       (194, 22, 'Hai cổng Thunderbolt / USB 4'),
       (195, 22, 'Hỗ trợ lên đến hai màn hình ngoài (khi máy tính xách tay đang đóng nắp)'),
       (196, 22, 'Magic Keyboard với Touch ID'),
       (197, 22, 'Bàn di chuột Force Touch'),
       (198, 22, 'Bộ Tiếp Hợp Nguồn Cổng USB-C Kép 35W'),
       (199, 23, 'Neural Engine 16 lõi'),
       (200, 23, 'Màn hình Liquid Retina 15,3 inch với True Tone²'),
       (201, 23, 'Camera FaceTime HD 1080p'),
       (202, 23, 'Cổng sạc MagSafe 3'),
       (203, 23, 'Hai cổng Thunderbolt / USB 4'),
       (204, 23, 'Hỗ trợ lên đến hai màn hình ngoài (khi máy tính xách tay đang đóng nắp)'),
       (205, 23, 'Magic Keyboard với Touch ID'),
       (206, 23, 'Bàn di chuột Force Touch'),
       (207, 23, 'Bộ Tiếp Hợp Nguồn Cổng USB-C Kép 35W'),
       (208, 24, 'Neural Engine 16 lõi'),
       (209, 24, 'Màn hình Liquid Retina 15,3 inch với True Tone²'),
       (210, 24, 'Camera FaceTime HD 1080p'),
       (211, 24, 'Cổng sạc MagSafe 3'),
       (212, 24, 'Hai cổng Thunderbolt / USB 4'),
       (213, 24, 'Hỗ trợ lên đến hai màn hình ngoài (khi máy tính xách tay đang đóng nắp)'),
       (214, 24, 'Magic Keyboard với Touch ID'),
       (215, 24, 'Bàn di chuột Force Touch'),
       (216, 24, 'Bộ Tiếp Hợp Nguồn Cổng USB-C Kép 35W'),
       (217, 25, 'Neural Engine 16 lõi'),
       (218, 25, 'Màn hình Liquid Retina 15,3 inch với True Tone²'),
       (219, 25, 'Camera FaceTime HD 1080p'),
       (220, 25, 'Cổng sạc MagSafe 3'),
       (221, 25, 'Hai cổng Thunderbolt / USB 4'),
       (222, 25, 'Hỗ trợ lên đến hai màn hình ngoài (khi máy tính xách tay đang đóng nắp)'),
       (223, 25, 'Magic Keyboard với Touch ID'),
       (224, 25, 'Bàn di chuột Force Touch'),
       (225, 25, 'Bộ Tiếp Hợp Nguồn Cổng USB-C Kép 35W'),
       (226, 26, 'Neural Engine 16 lõi'),
       (227, 26, 'Màn hình Liquid Retina 15,3 inch với True Tone²'),
       (228, 26, 'Camera FaceTime HD 1080p'),
       (229, 26, 'Cổng sạc MagSafe 3'),
       (230, 26, 'Hai cổng Thunderbolt / USB 4'),
       (231, 26, 'Hỗ trợ lên đến hai màn hình ngoài (khi máy tính xách tay đang đóng nắp)'),
       (232, 26, 'Magic Keyboard với Touch ID'),
       (233, 26, 'Bàn di chuột Force Touch'),
       (234, 26, 'Bộ Tiếp Hợp Nguồn Cổng USB-C Kép 35W'),
       (235, 27, 'Neural Engine 16 lõi'),
       (236, 27, 'Màn hình Liquid Retina 15,3 inch với True Tone²'),
       (237, 27, 'Camera FaceTime HD 1080p'),
       (238, 27, 'Cổng sạc MagSafe 3'),
       (239, 27, 'Hai cổng Thunderbolt / USB 4'),
       (240, 27, 'Hỗ trợ lên đến hai màn hình ngoài (khi máy tính xách tay đang đóng nắp)'),
       (241, 27, 'Magic Keyboard với Touch ID'),
       (242, 27, 'Bàn di chuột Force Touch'),
       (243, 27, 'Bộ Tiếp Hợp Nguồn Cổng USB-C Kép 35W'),
       (244, 28, 'Neural Engine 16 lõi'),
       (245, 28, 'Màn hình Liquid Retina 15,3 inch với True Tone²'),
       (246, 28, 'Camera FaceTime HD 1080p'),
       (247, 28, 'Cổng sạc MagSafe 3'),
       (248, 28, 'Hai cổng Thunderbolt / USB 4'),
       (249, 28, 'Hỗ trợ lên đến hai màn hình ngoài (khi máy tính xách tay đang đóng nắp)'),
       (250, 28, 'Magic Keyboard với Touch ID'),
       (251, 28, 'Bàn di chuột Force Touch'),
       (252, 28, 'Bộ Tiếp Hợp Nguồn Cổng USB-C Kép 35W'),
       (253, 29, 'Neural Engine 16 lõi'),
       (254, 29, 'Màn hình Liquid Retina 15,3 inch với True Tone²'),
       (255, 29, 'Camera FaceTime HD 1080p'),
       (256, 29, 'Cổng sạc MagSafe 3'),
       (257, 29, 'Hai cổng Thunderbolt / USB 4'),
       (258, 29, 'Hỗ trợ lên đến hai màn hình ngoài (khi máy tính xách tay đang đóng nắp)'),
       (259, 29, 'Magic Keyboard với Touch ID'),
       (260, 29, 'Bàn di chuột Force Touch'),
       (261, 29, 'Bộ Tiếp Hợp Nguồn Cổng USB-C Kép 35W'),
       (262, 30, 'Neural Engine 16 lõi'),
       (263, 30, 'Màn hình Liquid Retina 15,3 inch với True Tone²'),
       (264, 30, 'Camera FaceTime HD 1080p'),
       (265, 30, 'Cổng sạc MagSafe 3'),
       (266, 30, 'Hai cổng Thunderbolt / USB 4'),
       (267, 30, 'Hỗ trợ lên đến hai màn hình ngoài (khi máy tính xách tay đang đóng nắp)'),
       (268, 30, 'Magic Keyboard với Touch ID'),
       (269, 30, 'Bàn di chuột Force Touch'),
       (270, 30, 'Bộ Tiếp Hợp Nguồn Cổng USB-C Kép 35W'),
       (271, 31, 'Neural Engine 16 lõi'),
       (272, 31, 'Màn hình Liquid Retina 15,3 inch với True Tone²'),
       (273, 31, 'Camera FaceTime HD 1080p'),
       (274, 31, 'Cổng sạc MagSafe 3'),
       (275, 31, 'Hai cổng Thunderbolt / USB 4'),
       (276, 31, 'Hỗ trợ lên đến hai màn hình ngoài (khi máy tính xách tay đang đóng nắp)'),
       (277, 31, 'Magic Keyboard với Touch ID'),
       (278, 31, 'Bàn di chuột Force Touch'),
       (279, 31, 'Bộ Tiếp Hợp Nguồn Cổng USB-C Kép 35W'),
       (280, 32, 'Neural Engine 16 lõi'),
       (281, 32, 'Màn hình Liquid Retina 15,3 inch với True Tone²'),
       (282, 32, 'Camera FaceTime HD 1080p'),
       (283, 32, 'Cổng sạc MagSafe 3'),
       (284, 32, 'Hai cổng Thunderbolt / USB 4'),
       (285, 32, 'Hỗ trợ lên đến hai màn hình ngoài (khi máy tính xách tay đang đóng nắp)'),
       (286, 32, 'Magic Keyboard với Touch ID'),
       (287, 32, 'Bàn di chuột Force Touch'),
       (288, 32, 'Bộ Tiếp Hợp Nguồn Cổng USB-C Kép 35W'),
       (289, 33, 'Màn hình Liquid Retina XDR 14 inch²'),
       (290, 33, 'Hai cổng Thunderbolt / USB 4, cổng HDMI, khe thẻ nhớ SDXC, jack cắm tai nghe, cổng MagSafe 3'),
       (291, 33, 'Magic Keyboard với Touch ID'),
       (292, 33, 'Bàn di chuột Force Touch'),
       (293, 33, 'Bộ Tiếp Hợp Nguồn USB-C 70W'),
       (294, 34, 'Màn hình Liquid Retina XDR 14 inch²'),
       (295, 34, 'Hai cổng Thunderbolt / USB 4, cổng HDMI, khe thẻ nhớ SDXC, jack cắm tai nghe, cổng MagSafe 3'),
       (296, 34, 'Magic Keyboard với Touch ID'),
       (297, 34, 'Bàn di chuột Force Touch'),
       (298, 34, 'Bộ Tiếp Hợp Nguồn USB-C 70W'),
       (299, 35, 'Màn hình Liquid Retina XDR 14 inch²'),
       (300, 35, 'Hai cổng Thunderbolt / USB 4, cổng HDMI, khe thẻ nhớ SDXC, jack cắm tai nghe, cổng MagSafe 3'),
       (301, 35, 'Magic Keyboard với Touch ID'),
       (302, 35, 'Bàn di chuột Force Touch'),
       (303, 35, 'Bộ Tiếp Hợp Nguồn USB-C 70W'),
       (304, 36, 'Màn hình Liquid Retina XDR 14 inch²'),
       (305, 36, 'Hai cổng Thunderbolt / USB 4, cổng HDMI, khe thẻ nhớ SDXC, jack cắm tai nghe, cổng MagSafe 3'),
       (306, 36, 'Magic Keyboard với Touch ID'),
       (307, 36, 'Bàn di chuột Force Touch'),
       (308, 36, 'Bộ Tiếp Hợp Nguồn USB-C 70W'),
       (309, 37, 'Màn hình Liquid Retina XDR 14 inch²'),
       (310, 37, 'Hai cổng Thunderbolt / USB 4, cổng HDMI, khe thẻ nhớ SDXC, jack cắm tai nghe, cổng MagSafe 3'),
       (311, 37, 'Magic Keyboard với Touch ID'),
       (312, 37, 'Bàn di chuột Force Touch'),
       (313, 37, 'Bộ Tiếp Hợp Nguồn USB-C 70W'),
       (314, 38, 'Màn hình Liquid Retina XDR 14 inch²'),
       (315, 38, 'Hai cổng Thunderbolt / USB 4, cổng HDMI, khe thẻ nhớ SDXC, jack cắm tai nghe, cổng MagSafe 3'),
       (316, 38, 'Magic Keyboard với Touch ID'),
       (317, 38, 'Bàn di chuột Force Touch'),
       (318, 38, 'Bộ Tiếp Hợp Nguồn USB-C 70W'),
       (319, 39, 'Màn hình Liquid Retina XDR 14 inch²'),
       (320, 39, 'Ba cổng Thunderbolt 4, cổng HDMI, khe thẻ nhớ SDXC, giắc cắm tai nghe, cổng MagSafe 3'),
       (321, 39, 'Magic Keyboard với Touch ID'),
       (322, 39, 'Bàn di chuột Force Touch'),
       (323, 39, 'Bộ Tiếp Hợp Nguồn USB-C 70W'),
       (324, 40, 'Màn hình Liquid Retina XDR 14 inch²'),
       (325, 40, 'Ba cổng Thunderbolt 4, cổng HDMI, khe thẻ nhớ SDXC, giắc cắm tai nghe, cổng MagSafe 3'),
       (326, 40, 'Magic Keyboard với Touch ID'),
       (327, 40, 'Bàn di chuột Force Touch'),
       (328, 40, 'Bộ Tiếp Hợp Nguồn USB-C 70W'),
       (329, 41, 'Màn hình Liquid Retina XDR 14 inch²'),
       (330, 41, 'Ba cổng Thunderbolt 4, cổng HDMI, khe thẻ nhớ SDXC, giắc cắm tai nghe, cổng MagSafe 3'),
       (331, 41, 'Magic Keyboard với Touch ID'),
       (332, 41, 'Bàn di chuột Force Touch'),
       (333, 41, 'Bộ Tiếp Hợp Nguồn USB-C 96W'),
       (334, 42, 'Màn hình Liquid Retina XDR 14 inch²'),
       (335, 42, 'Ba cổng Thunderbolt 4, cổng HDMI, khe thẻ nhớ SDXC, giắc cắm tai nghe, cổng MagSafe 3'),
       (336, 42, 'Magic Keyboard với Touch ID'),
       (337, 42, 'Bàn di chuột Force Touch'),
       (338, 42, 'Bộ Tiếp Hợp Nguồn USB-C 96W'),
       (339, 43, 'Màn hình Liquid Retina XDR 14 inch²'),
       (340, 43, 'Ba cổng Thunderbolt 4, cổng HDMI, khe thẻ nhớ SDXC, giắc cắm tai nghe, cổng MagSafe 3'),
       (341, 43, 'Magic Keyboard với Touch ID'),
       (342, 43, 'Bàn di chuột Force Touch'),
       (343, 43, 'Bộ Tiếp Hợp Nguồn USB-C 96W'),
       (344, 44, 'Màn hình Liquid Retina XDR 14 inch²'),
       (345, 44, 'Ba cổng Thunderbolt 4, cổng HDMI, khe thẻ nhớ SDXC, giắc cắm tai nghe, cổng MagSafe 3'),
       (346, 44, 'Magic Keyboard với Touch ID'),
       (347, 44, 'Bàn di chuột Force Touch'),
       (348, 44, 'Bộ Tiếp Hợp Nguồn USB-C 96W');